Id;Name;Email;Phone;Age;City;Street;Tag;Price;CustomerId;ProductId
23;Виталий Колобов;Yurii70@yahoo.com;(987)551-51-08;26;Иваново;проспект Энергетиков;Стол;50000;2K56UTI;PK37458247765404090024
34;Антон Блинов;Vladimir.Kononova41@yandex.ru;(992)101-88-80;29;Ижевск;ул. речень улиц;Кулон;3600;r945s9Stwc1c;PK921070789857008
15;Михаил Юдин;Viktor.Lobanov@yahoo.com;(993)792-22-76;56;Тула;улица Труда;Кулон;12000;J2OoCfJqXt;KZ038407911362398394
6;Валерий Зайцев;Veronika34@ya.ru;(908)917-28-04;21;Магнитогорск;40 лет Победы пр.;Стул;1200;mTyJIaYFTk;BE69713205500155
37;Виктория Павлова;VarvaraTeterina62@yahoo.com;(915)849-85-72;45;Тюмень;проспект Матросова;Майка;500;XfQy456ST2fgB;BG14LZRB3200206PIS
40;Валерия Петухова;Valeriya.Gavrilova@yandex.ru;(944)525-08-27;52;Москва;Молодежная улица;Компьютер;84000;cd6Zj6445jJHs;AZ323692003978013
4;Оксана Абрамова;ValentinaTeterin63@gmail.com;(931)406-55-16;52;Казань;ул. Московская;Ботинок;4500;e8aBaPZvyG;GB46SAPZ49624309004992
19;Роман Борисов;Valentina.Pavlov67@yandex.ru;(915)429-94-40;23;Сочи;пр. Труда;Шарф;4000;cd6ZjjJHs;AZ32369200397801303910611098
16;Георгий Кудрявцев;SvetlanaIvanov66@yahoo.com;(950)932-55-15;47;Брянск;Шевченко пр.;Клатч;2500;XfQyST2fgB;BG14LZRB32002001806PIS
22;Регина Родионова;Svetlana82@ya.ru;(978)231-07-99;25;Киров;улица Суворова;Клатч;10020;MmSKT5cFnu;GB03FUGN772200944
21;Валентина Уварова;Svetlana.Gusev41@yahoo.com;(935)385-42-91;30;Воронеж;Трактовая улица;Кошелек;750;vbUHVjazD7;MC9446050476B1ULO175
1;Эдуард Устинов;StanislavTrofimov65@hotmail.com;(935)190-01-13;18;Астрахань;площадь Почтовая;Автомобиль;3200000;vbUHVjazD6;MC944605088137P5476B1ULO175
5;Владимир Кононов;Nikita33@mail.ru;(993)585-79-37;65;Курск;улица Комсомольская;Ножницы;55;5wWIeyeUD;BH50XJVBL650WETA15P042
33;Андрей Ермаков;Nikita_Belyaev@ya.ru;(941)813-77-44;22;Москва;проспект Космонавтов;Кошелек;500;tW9JcKo231FZB;MBG6000210592014CRW
28;Григорий Селиверстов;Mikhail24@yandex.ru;(930)800-38-94;16;Чебоксары;площадь Чкалова;Куртка;25000;WaKUoI8chO;4389H7TA8C90GR235A0073
35;Вероника Беляева;Matvei_Fedorov10@yandex.ru;(921)975-58-55;26;Воронеж;Дорожная пл.;Ремень;1305;7x456qI8O7i0a;GZ2W16209M0D6
36;Алексей Беляев;Marina16@yahoo.com;(916)678-86-21;28;Саратов;Ленина проспект;Куртка;60000;J2OoC45fJqXt;KZ038407911362398394
14;Владислав Беляев;Margarita28@yandex.ru;(967)788-10-59;22;Курск;пл. Лесная;Компьютер;120000;7xqI8O7i0a;GT443Z2W16209M0D6QX65722SR04
3;Лука Баранов;LyubovKudryashova@hotmail.com;(986)704-53-16;23;Киров;проспект Озерная;Ремень;2000;2KUTI;PK3745824776540409002498
8;Лариса Шарапова;Kseniya6@mail.ru;(980)012-62-66;23;Новокузнецк;площадь Кооперативная;Берет;500;EbUdr58oCv;CR4773190076725100991
26;Галина Рожкова;Klavdiya30@hotmail.com;(989)319-83-31;23;Астрахань;пл. Свободы;Ботинок;1500;mTy21JIaYFTk;BE69713205500155
7;Ольга Тарасова;GrigoriiDanilova32@gmail.com;(938)181-28-71;22;Брянск;Комарова улица;Кулон;30000;WaKUoI8chO;GT47964389H7TA8C90GR235A0073
29;Анатолий Пономарев;Georgii.Tikhonova18@ya.ru;(949)581-35-88;65;Курск;площадь Совхозная;Компьютер;235000;EbUdr58oCv3;CR47731
12;Даниил Матвеев;Georgii.Shestakov@gmail.com;(929)302-68-11;15;Липецк;Речная улица;Кулон;4000;tW9JcKoFZB;MU23ICRD500BG6000210592014CRW
31;Георгий Громов;Elizaveta53@hotmail.com;(979)102-43-88;14;Кемерово;Озерная пр.;Клатч;20000;H4QAjigX45hoq;120018291030901661G4
20;Степан Пестов;Elena17@ya.ru;(988)756-34-68;26;Астрахань;Строительная пр.;Ножницы;65;wuVUlQicr;FI7970037290348101
25;Ярослав Артемьев;Egor_Guseva@ya.ru;(995)080-07-28;15;Барнаул;пр. Полевая;Плащ;1555;5wWIe100yeUD;BH50XJVBL650WET042
38;Андрей Кононов;Eduard73@yandex.ru;(949)030-55-47;45;Чебоксары;улица Лесной;Берет;1500;O1SF45HhkGNN;ME365983326
13;Андрей Богданов;Eduard31@mail.ru;(939)427-46-54;23;Омск;площадь Березовая;Кулон;3000;r9s9Stwc1c;PK9210707898570009104748
2;Лаврентий Евсеев;Dmitrii.Sorokina@ya.ru;(978)346-83-79;22;Киров;Подгорная проспект;Куртка;20000;MmSKTicFnu;GB03FUGN71200772200944
30;Евгения Рыбакова;Arsenii10@yandex.ru;(970)358-87-02;19;Магнитогорск;Кирова площадь;Майка;1500;vMVV4545;GR70536221250E6C630
9;Антон Цветков;Arina3@hotmail.com;(917)163-63-86;25;Барнаул;Шевченко площадь;Плащ;3000;vMVV;GR7417005362212418150E6C630
18;Эдуард Дементьев;Antonina.Gushin3@gmail.com;(905)071-16-53;18;Владимир;ул. Ленина;Плащ;3000;KUClJvp3vz;AT4724CR249130626059
41;Герман Колобов;Angelina67@yahoo.com;(905)557-86-54;62;Рязань;площадь Трактовая;Кепка;600;wu45457VUlQicr;FI7970037290348454
39;Елизавета Панфилова;Angelina_Novikov85@ya.ru;(924)279-85-56;42;Махачкала;ул. Комсомольская;Ножницы;200;KUClJ457vp3vz;AT4724CR2491306
32;Тамара Калинина;Andrei42@yahoo.com;(988)202-39-96;17;Москва;площадь Шоссейная;Кепка;680;210F12jKzS3;FR500174C241620I3762
11;Кира Захарова;Andrei.Vorobev44@ya.ru;(972)264-19-27;12;Иваново;площадь Красная;Стол;2000;210FjKzS3;FR5133737100174C241620I3762
17;Валерий Алексеев;AlinaShilova24@yandex.ru;(965)867-59-33;16;Нижний Новгород;площадь Кооперативная;Кошелек;2000;O1SFHhkGNN;ME36598332620051074583
10;Никита Павлов;AlinaDorofeev70@hotmail.com;(974)670-44-48;68;Воронеж;Садовый пр.;Кошелек;1500;HQAjigXhoq;BR3010159120018291030901661G4
24;Юлия Гурьева;Aleksei64@yahoo.com;(982)602-32-14;24;Чебоксары;проспект Спортивная;Шарф;800;e8a56BaPZvyG;GB46SAPZ49624309004992
